ts,load1,daemon_pid,daemon_cpu_s,daemon_rss_kb,children_n,children_cpu_s,children_rss_kb,claude_n,claude_cpu_s,claude_rss_kb,agents_working,agents_idle,agents_stopped,agents_lost,agents_other,pressure_level,compressed_kb,swap_used_mb
2026-10-10T17:08:29Z,10.75,640,112.68,78200,15,0.15,7984,13,3828.64,4411524,1,3,18,1,0,1,2289600,1511.5
2026-10-10T17:08:44Z,9.11,640,113.49000000000001,78212,17,0.19,12128,13,3832.85,4429516,1,3,18,1,0,1,2289856,1511.5
2026-10-10T17:08:59Z,9.08,640,114.53999999999999,79056,15,0.15,8092,13,3837.09,4441812,1,3,18,1,0,1,2280044,1511.5
2026-10-10T17:09:16Z,13.83,640,115.47,79056,15,0.15,8092,13,3840.79,4443820,1,3,18,1,0,1,2202132,1511.5
2026-10-10T17:09:29Z,15.71,640,116.21000000000001,79056,15,0.15,8092,13,3843.41,4444044,1,3,18,1,0,1,2201376,1511.5
2026-10-10T17:09:45Z,16.97,640,117.2,79428,16,0.2,12432,13,3847.16,4445600,1,3,18,1,0,1,2200544,1511.5
2026-10-10T17:09:59Z,17.17,640,118.05,81512,15,0.15,8092,13,3850.97,4456108,2,2,18,1,0,1,2197600,1511.5
2026-10-10T17:10:14Z,15.52,640,118.89,81540,16,0.17,11416,13,3854.71,4485152,1,3,18,1,0,1,2192200,1511.5
2026-10-10T17:10:29Z,13.11,640,119.58,81544,15,0.15,8092,13,3856.53,4486252,1,3,18,1,0,1,2192200,1511.5
2026-10-10T17:10:44Z,10.92,640,120.09,81560,15,0.15,8092,13,3858.74,4500412,1,3,18,1,0,1,2192072,1511.5
2026-10-10T17:10:59Z,9.56,640,120.59,81560,15,0.15,8092,13,3862.73,4520288,1,3,18,1,0,1,2192008,1511.5
2026-10-10T17:11:14Z,8.17,640,121.16,81560,15,0.15,8092,13,3865.94,4553160,1,3,18,1,0,1,2185672,1511.5
2026-10-10T17:11:29Z,7.19,640,121.75,81592,17,0.3,42240,13,3869.1,4557636,1,3,18,1,0,1,2185608,1511.5
2026-10-10T17:11:44Z,6.57,640,122.57,81592,15,0.15,8092,13,3872.44,4560004,1,3,18,1,0,1,2185796,1511.5
2026-10-10T17:11:59Z,6.24,640,123.49,81688,15,0.15,8092,13,3878.51,4581512,1,3,18,1,0,1,2185348,1511.5
2026-10-10T17:12:14Z,6.31,640,124.22,81688,15,0.15,8092,13,3882.33,4590096,1,3,18,1,0,1,2184964,1511.5
2026-10-10T17:12:29Z,5.73,640,124.93,81692,15,0.15,8092,13,3886.03,4592588,1,3,18,1,0,1,2184812,1511.5
2026-10-10T17:12:44Z,5.28,640,125.44,81692,15,0.15,8092,13,3887.27,4592584,1,3,18,1,0,1,2184744,1511.5
2026-10-10T17:12:59Z,4.56,640,125.91,81728,15,0.15,8092,13,3888.29,4592548,1,3,18,1,0,1,2184680,1511.5
2026-10-10T17:13:14Z,4.6,640,126.47,81728,15,0.15,8092,13,3889.29,4592404,1,3,18,1,0,1,2184680,1511.5
2026-10-10T17:13:29Z,4.34,640,126.96,81728,15,0.15,8092,13,3890.25,4592436,1,3,18,1,0,1,2184680,1511.5
2026-10-10T17:13:45Z,5.54,640,127.87,81756,16,0.18,9004,13,3892.74,4592728,1,3,18,1,0,1,2182440,1511.5
2026-10-10T17:13:59Z,6.76,640,128.89,82804,15,0.15,8092,13,3895.8,4593712,1,3,18,1,0,1,2181992,1511.5
2026-10-10T17:14:14Z,6.88,640,129.81,83712,15,0.15,8092,13,3900.29,4605032,1,3,18,1,0,1,2181544,1511.5
2026-10-10T17:14:30Z,8.39,640,130.93,83756,16,0.15,8768,13,3904.18,4605460,1,3,18,1,0,1,2181544,1511.5
2026-10-10T17:14:46Z,10.38,640,132.73,85816,16,0.18,20580,13,3908.47,4612600,1,3,18,1,0,1,2181544,1511.5
2026-10-10T17:15:01Z,12.15,640,134.21,90444,15,0.15,8092,13,3912.02,4613236,1,3,18,1,0,1,2181480,1511.5
2026-10-10T17:15:16Z,15.36,640,135.59,90456,15,0.15,8092,14,3915.54,4778228,1,3,18,1,0,1,2181480,1511.5
2026-10-10T17:15:31Z,15.21,640,136.42000000000002,94512,15,0.15,8092,13,3916.82,4627712,1,3,18,1,0,1,2181480,1511.5
2026-10-10T17:15:46Z,15.17,640,137.7,94912,15,0.15,8092,13,3919.13,4627636,1,3,18,1,0,1,2181480,1511.5
2026-10-10T17:16:01Z,16.05,640,138.88,94940,16,0.18,8208,13,3924.01,4630596,1,3,18,1,0,1,2181240,1511.5
2026-10-10T17:16:16Z,15.91,640,140.28,94940,17,0.18,10552,13,3929.48,4633992,1,3,18,1,0,1,2179696,1511.5
2026-10-10T17:16:30Z,13.56,640,141.34,94948,16,1.94,11124,12,3909.4,4238248,2,1,19,1,0,1,2179632,1511.5
2026-10-10T17:16:45Z,12.85,640,142.34,94952,15,9.86,6996,12,3913.49,4244524,2,1,19,1,0,1,2179568,1511.5
2026-10-10T17:17:00Z,12.58,640,143.73,94948,17,0.26,26264,12,3919.78,4259504,2,1,18,1,0,1,2179568,1511.5
2026-10-10T17:17:14Z,10.83,640,144.61,94948,15,0.14,5812,12,3923.51,4262124,1,2,18,1,0,1,2179568,1511.5
2026-10-10T17:17:29Z,9.32,640,145.37,94948,14,0.13,4096,12,3926.47,4267472,1,2,18,1,0,1,2179504,1511.5
2026-10-10T17:17:44Z,7.85,640,146.27,96948,14,0.13,4096,12,3928.45,4267540,1,2,18,1,0,1,2179120,1511.5
2026-10-10T17:18:01Z,15.87,640,147.2,97316,15,0.19,8020,12,3931.83,4270000,1,2,18,1,0,1,2181572,1511.5
2026-10-10T17:18:16Z,29.46,640,148.29,97564,14,0.13,4096,12,3935.49,4271104,1,2,18,1,0,1,2181060,1511.5
2026-10-10T17:18:29Z,24.92,640,148.93,97580,14,0.13,4096,12,3938.53,4284860,2,1,18,1,0,1,2180612,1511.5
2026-10-10T17:18:44Z,21.37,640,149.67000000000002,97604,14,0.13,4096,12,3941.3,4286756,1,2,18,1,0,1,2180548,1511.5
2026-10-10T17:18:59Z,17.66,640,150.24,97604,14,0.13,4096,12,3943.32,4287520,1,2,18,1,0,1,2180484,1511.5
2026-10-10T17:19:14Z,14.67,640,150.88,97604,14,0.13,4096,12,3945.29,4287792,1,2,18,1,0,1,2180484,1511.5
2026-10-10T17:19:29Z,12.31,640,151.42000000000002,97604,14,0.13,4096,12,3946.43,4288716,1,2,18,1,0,1,2180484,1511.5
2026-10-10T17:19:44Z,9.97,640,151.91,97604,14,0.13,4096,12,3947.44,4299388,1,2,18,1,0,1,2180356,1511.5
2026-10-10T17:19:59Z,9.02,640,152.39,97604,14,0.13,4096,12,3948.47,4299740,1,2,18,1,0,1,2180292,1511.5
2026-10-10T17:20:14Z,9.73,640,153.29,97604,14,0.13,4096,12,3950.24,4311804,1,2,18,1,0,1,2180292,1511.5
2026-10-10T17:20:29Z,9.22,640,153.95,98628,15,0.31,36108,12,3951.46,4313412,1,2,18,1,0,1,2179640,1511.5
2026-10-10T17:20:44Z,9.52,640,154.77,98628,14,0.13,4096,12,3953.0,4313172,1,2,18,1,0,1,2179128,1511.5
2026-10-10T17:21:01Z,11.05,640,156.5,98628,14,0.13,4096,12,3955.07,4313460,1,2,18,1,0,1,2179128,1511.5
2026-10-10T17:21:16Z,13.21,640,157.89,98640,15,0.24,10464,12,3959.55,4330052,1,2,18,1,0,1,2179128,1511.5
2026-10-10T17:21:30Z,14.28,640,159.32999999999998,98640,15,0.19,21528,12,3963.69,4332832,1,2,18,1,0,1,2179000,1511.5
2026-10-10T17:21:46Z,15.11,640,160.61,98640,14,0.13,4096,12,3968.99,4340016,1,2,18,1,0,1,2178936,1511.5
2026-10-10T17:22:01Z,15.39,640,162.17000000000002,98672,17,0.22,5936,12,3976.47,4356096,1,2,18,1,0,1,2178936,1511.5
2026-10-10T17:22:17Z,15.9,640,163.26,98672,14,0.13,4096,12,3980.51,4356120,1,2,18,1,0,1,2178808,1511.5
2026-10-10T17:22:30Z,15.6,640,164.27,98672,14,0.13,4096,12,3984.08,4371492,2,1,18,1,0,1,2178552,1511.5
2026-10-10T17:22:45Z,13.07,640,165.74,98700,16,0.32,37856,12,3990.36,4373908,1,2,18,1,0,1,2176824,1511.5
2026-10-10T17:22:59Z,11.57,640,167.32999999999998,98764,14,0.13,4096,12,3997.4,4379304,0,3,18,1,0,1,2176696,1511.5
2026-10-10T17:23:15Z,9.67,640,168.07999999999998,98768,14,0.13,4096,12,4001.08,4380164,0,3,18,1,0,1,2176696,1511.5
2026-10-10T17:23:29Z,8.05,640,168.71,98776,14,0.13,4096,12,4006.74,4407008,0,3,18,1,0,1,2175028,1511.5
2026-10-10T17:23:44Z,7.94,640,169.62,98836,16,0.16,7064,12,3052.54,3929060,0,3,18,1,0,1,2161992,1511.5
2026-10-10T17:23:59Z,8.05,640,170.92000000000002,98840,15,0.3,39136,12,3057.67,4020756,0,3,18,1,0,1,2160968,1511.5
2026-10-10T17:24:14Z,6.77,640,171.8,98840,15,0.18,6000,12,3060.37,4035712,0,3,18,1,0,1,2160904,1511.5
2026-10-10T17:24:29Z,6.07,640,172.34,98844,14,0.13,4096,13,3063.48,4249068,0,3,18,1,0,1,2160904,1511.5
2026-10-10T17:24:44Z,5.24,640,172.82999999999998,98840,14,0.13,4096,12,3063.52,4038628,0,3,18,1,0,1,2160904,1511.5
2026-10-10T17:24:58Z,4.46,640,173.3,98840,14,0.13,4096,12,3064.59,4038664,0,3,18,1,0,1,2160840,1511.5
2026-10-10T17:25:13Z,3.62,640,173.77,98840,14,0.13,4096,12,3065.67,4038640,0,3,18,1,0,1,2160840,1511.5
2026-10-10T17:25:29Z,3.35,640,174.28,98840,14,0.13,4096,12,3066.83,4039140,0,3,18,1,0,1,2158280,1511.5
2026-10-10T17:25:44Z,3.12,640,174.76,98840,14,0.13,4096,12,3068.16,4039404,0,3,18,1,0,1,2146112,1511.5
2026-10-10T17:25:59Z,3.02,640,175.25,98840,14,0.13,4096,12,3069.6,4040988,0,3,18,1,0,1,2146048,1511.5
2026-10-10T17:26:13Z,2.87,640,175.74,98840,15,0.25,35100,12,3070.84,4043340,0,3,18,1,0,1,2146048,1511.5
2026-10-10T17:26:29Z,2.81,640,176.29,98844,14,0.13,4096,12,3072.44,4043756,0,3,18,1,0,1,2146048,1511.5
2026-10-10T17:26:44Z,2.56,640,176.74,98844,14,0.13,4096,12,3073.62,4043888,0,3,18,1,0,1,2145788,1511.5
2026-10-10T17:26:59Z,5.08,640,177.29,98844,14,0.13,4096,12,3074.68,4044016,0,3,18,1,0,1,2145724,1511.5
2026-10-10T17:27:13Z,4.47,640,177.79,99200,14,0.13,4096,12,3075.73,4044324,0,3,18,1,0,1,2145724,1511.5
2026-10-10T17:27:29Z,4.21,640,178.29,99200,14,0.13,4096,12,3076.74,4045252,0,3,18,1,0,1,2145724,1511.5
2026-10-10T17:27:44Z,3.41,640,178.76,99200,14,0.13,4096,12,3077.82,4045592,0,3,18,1,0,1,2145276,1511.5
2026-10-10T17:27:59Z,2.8,640,179.28,99204,14,0.13,4096,12,3078.85,4045656,0,3,18,1,0,1,2145276,1511.5
2026-10-10T17:28:13Z,2.85,640,179.71,99204,14,0.13,4096,12,3080.05,4045608,0,3,18,1,0,1,2145212,1511.5
2026-10-10T17:28:29Z,2.98,640,180.21,99204,15,0.28,39524,12,3081.39,4047404,0,3,18,1,0,1,2143976,1511.5
2026-10-10T17:28:44Z,2.77,640,180.74,99204,14,0.13,4096,12,3082.44,4047416,0,3,18,1,0,1,2143720,1511.5
2026-10-10T17:28:59Z,3.0,640,181.23,99204,14,0.13,4096,12,3083.47,4047752,0,3,18,1,0,1,2142024,1511.5
2026-10-10T17:29:14Z,2.77,640,181.71,99204,14,0.13,4096,12,3084.51,4051664,0,3,18,1,0,1,2141956,1511.5
2026-10-10T17:29:29Z,2.6,640,182.21,99204,14,0.13,4096,12,3086.33,4088304,0,3,18,1,0,1,2141892,1511.5
2026-10-10T17:29:44Z,3.69,640,182.77,99204,14,0.13,4096,12,3087.32,4088808,0,3,18,1,0,1,2141892,1511.5
2026-10-10T17:29:59Z,3.1,640,183.25,99208,14,0.13,4096,12,3088.53,4089396,0,3,18,1,0,1,2141892,1511.5
2026-10-10T17:30:14Z,2.91,640,183.71,99208,14,0.13,4096,12,3089.53,4089336,0,3,18,1,0,1,2141892,1511.5
2026-10-10T17:30:29Z,2.79,640,184.23,99212,14,0.13,4096,12,3090.66,4089344,0,3,18,1,0,1,2141892,1511.5
2026-10-10T17:30:44Z,2.92,640,184.72,99208,15,0.16,7260,12,3091.61,4089316,0,3,18,1,0,1,2141828,1511.5
2026-10-10T17:30:59Z,4.17,640,185.2,99208,14,0.13,4096,12,3092.56,4089236,0,3,18,1,0,1,2141828,1511.5
2026-10-10T17:31:14Z,3.62,640,185.65,99208,14,0.13,4096,12,3093.58,4089324,0,3,18,1,0,1,2141828,1511.5
2026-10-10T17:31:29Z,3.28,640,186.19,99208,14,0.13,4096,12,3094.53,4089204,0,3,18,1,0,1,2141828,1511.5
2026-10-10T17:31:44Z,2.99,640,186.64,99208,14,0.13,4096,12,3095.67,4089332,0,3,18,1,0,1,2141508,1511.5
2026-10-10T17:31:59Z,2.78,640,187.14,99208,14,0.13,4096,12,3096.61,4089188,0,3,18,1,0,1,2141444,1511.5
2026-10-10T17:32:14Z,2.82,640,187.68,99208,14,0.13,4096,12,3097.65,4089276,0,3,18,1,0,1,2141444,1511.5
2026-10-10T17:32:29Z,3.04,640,188.19,99208,14,0.13,4096,12,3098.69,4089540,0,3,18,1,0,1,2141444,1511.5
2026-10-10T17:32:44Z,3.01,640,188.66,99208,14,0.13,4096,12,3099.96,4089908,0,3,18,1,0,1,2141620,1511.5
2026-10-10T17:32:59Z,2.56,640,189.15,99208,15,0.29,39364,12,3100.95,4089676,0,3,18,1,0,1,2141620,1511.5
2026-10-10T17:33:14Z,2.65,640,189.66,99208,14,0.13,4096,12,3101.99,4089696,0,3,18,1,0,1,2141620,1511.5
2026-10-10T17:33:29Z,2.64,640,190.13,99208,14,0.13,4096,12,3103.99,4123656,0,3,18,1,0,1,2141876,1511.5
2026-10-10T17:33:44Z,2.66,640,190.58,99208,14,0.13,4096,12,3105.04,4123872,0,3,18,1,0,1,2141876,1511.5
2026-10-10T17:33:59Z,4.59,640,191.1,99208,14,0.13,4096,12,3106.36,4124028,0,3,18,1,0,1,2141876,1511.5
2026-10-10T17:34:14Z,4.01,640,191.56,99208,14,0.13,4096,12,3107.44,4124044,0,3,18,1,0,1,2141876,1511.5
2026-10-10T17:34:29Z,3.7,640,192.03,99208,14,0.13,4096,12,3108.53,4124284,0,3,18,1,0,1,2141876,1511.5
2026-10-10T17:34:44Z,3.79,640,192.53,99208,14,0.13,4096,12,3109.48,4124332,0,3,18,1,0,1,2142132,1511.5
2026-10-10T17:34:59Z,3.33,640,193.02,99216,14,0.13,4096,12,3110.47,4124256,0,3,18,1,0,1,2142132,1511.5
2026-10-10T17:35:14Z,3.27,640,193.49,99216,15,0.26,35776,12,3111.46,4124356,0,3,18,1,0,1,2142132,1511.5
2026-10-10T17:35:29Z,3.88,640,194.04,99220,14,0.13,4096,12,3112.48,4124484,0,3,18,1,0,1,2142132,1511.5
2026-10-10T17:35:44Z,3.48,640,194.53,99216,14,0.13,4096,12,3113.57,4124432,0,3,18,1,0,1,2142056,1511.5
2026-10-10T17:35:59Z,3.09,640,195.0,99216,14,0.13,4096,12,3114.67,4124456,0,3,18,1,0,1,2142308,1511.5
2026-10-10T17:36:14Z,2.94,640,195.45,99216,14,0.13,4096,12,3115.91,4125556,0,3,18,1,0,1,2141856,1511.5
2026-10-10T17:36:29Z,2.52,640,195.98,99216,15,0.26,35732,12,3116.72,4125480,0,3,18,1,0,1,2141856,1511.5
2026-10-10T17:36:44Z,2.84,640,196.44,99216,14,0.13,4096,12,3117.76,4125484,0,3,18,1,0,1,2141856,1511.5
2026-10-10T17:36:59Z,3.18,640,196.91,99216,14,0.13,4096,12,3118.73,4125448,0,3,18,1,0,1,2141856,1511.5
2026-10-10T17:37:14Z,3.8,640,197.41,99288,14,0.13,4096,12,3119.69,4125496,0,3,18,1,0,1,2141856,1511.5
2026-10-10T17:37:29Z,3.84,640,197.88,99288,14,0.13,4096,12,3120.71,4125492,0,3,18,1,0,1,2141856,1511.5
2026-10-10T17:37:44Z,3.52,640,198.38,99988,14,0.13,4096,12,3121.68,4125704,0,3,18,1,0,1,2141856,1511.5
2026-10-10T17:37:59Z,3.2,640,198.85,99992,14,0.13,4096,12,3122.69,4125948,0,3,18,1,0,1,2141856,1511.5
2026-10-10T17:38:14Z,3.37,640,199.36,99988,14,0.13,4096,12,3123.69,4125840,0,3,18,1,0,1,2141856,1511.5
